name,brand,lng,lat,fast_count,slow_count,address,district,status,operator
电能侠汽车充电站(徐州云龙复兴路站),state_grid,117.20374,34.271105,4,0,潮衣库服饰批发城北门北110米,云龙区,1,state_grid
闪得能源汽车充电站(产发闪得金龙湖小镇光储充示范站),state_grid,117.283249,34.264248,3,4,金龙湖风景区,贾汪区,1,state_grid
中国石化汽车充电站(中山南路停车场充电站),state_grid,117.18259,34.248444,6,0,中山南路247号徐州云龙湖旅游景区,云龙区,1,state_grid
国家电网汽车充电站(徐州市鼓楼区云玺中心兆瓦超级充电站国网合作站),state_grid,117.18474,34.273056,5,1,云玺中心停车场负一楼(兵工路与铜沛路交叉口正东方向161米左右),鼓楼区,1,state_grid
昆仑网电汽车充电站(中国石油徐州三环东路充电站),state_grid,117.228471,34.250983,2,4,三环东路92号升辉国际家居广场1号馆门口,云龙区,1,state_grid
汽车充电站(徐州彭彭小镇苏宁广场小鹏超充站),state_grid,117.189563,34.264916,2,4,黄楼街道淮海东路29号徐州苏宁广场二楼,鼓楼区,1,state_grid
昆仑网电汽车充电站(中国石油徐州和平路充电站),state_grid,117.18946,34.25032,5,3,博物馆停车楼(师大云龙校区地铁站1号口步行350米),云龙区,1,state_grid
云快充汽车充电站(铜山区吴长法充电销售服务部),state_grid,117.602553,34.102635,7,1,单集镇刘庄村,铜山区,1,state_grid
苏成能源汽车充电站(开发大厦停车场站),state_grid,117.184052,34.256247,4,2,王陵路53号开发大厦停车场,泉山区,1,state_grid
星星充电汽车充电站(星星充电-户部山帝壹烧烤前回龙窝对面站),star_charge,117.18869,34.258095,4,0,彭城街道建国东路447号徐州市回龙窝历史文化街区,云龙区,1,star_charge
云快充汽车充电站(徐州智赢物流重卡充电站),state_grid,117.273348,34.36727,7,1,茅村镇梅庄村104红绿灯南200米路西,铜山区,1,state_grid
云科智电汽车充电站(云智快充-尚仕名邸超级充电站),state_grid,117.253122,34.254593,12,3,政府东侧名邸路与云祥路交叉口东50米(尚仕名邸一期南侧),云龙区,1,state_grid
中石油充电站(徐州金山东路充电站),state_grid,117.169443,34.224231,3,4,金山东路18号云泉山庄院内,泉山区,1,state_grid
昆仑网电汽车充电站(中国石油徐州宜家二期充电站),state_grid,117.272015,34.256548,3,1,翠屏山街道恩元路宜家家居(徐州云龙店),云龙区,1,state_grid
云快充汽车充电站(汇景新苑云快充充电站新),state_grid,117.177079,34.155987,5,2,钱江路11号汇景新苑小区门前停车场,铜山区,1,state_grid
星星充电汽车充电站(星星充电-徐州德基广场液冷超充站免费停车2小时),star_charge,117.187706,34.26249,6,4,彭城街道彭城路33号徐州德基广场,云龙区,1,star_charge
星星充电汽车充电站(星星充电-徐州苏宁广场超级充电站绑定车牌号免2小时停车),star_charge,117.18961,34.264977,5,3,彭城苏宁广场负2层地下停车场B区B018-B029车位,鼓楼区,1,star_charge
国家电网汽车充电站(徐州经开区蟠桃山景宝莲寺超充站ZCF),state_grid,117.268451,34.292798,2,3,徐州经开区蟠桃山景区莲花广场东侧停车场,鼓楼区,1,state_grid
中国铁塔汽车充电站(江苏徐州泉山苏一工院停车场充电站),state_grid,117.16302,34.263096,2,1,淮海西路245号中国煤炭地质总局普查队4栋,泉山区,1,state_grid
中国石化汽车充电站(镜泊西路规划馆停车场充电站),state_grid,117.2813,34.203938,4,2,大龙湖街道镜泊西路徐州市人民政府,云龙区,1,state_grid
百瑞充电汽车充电站(江苏百瑞光储充示范站),state_grid,117.211198,34.230305,5,3,迎宾大道8号,泉山区,1,state_grid
云快充汽车充电站(铜山区北京南路充电站),state_grid,117.1863,34.18215,5,1,铜山街道北京南路9号大张烙馍村南50米停车场,铜山区,1,state_grid
新电途汽车充电站(铜山明辉商店充电站),state_grid,117.440283,34.108113,2,2,美福彩瓦西100米明辉百货商店,铜山区,1,state_grid
星星充电汽车充电站(江苏辉豪徐州新盛广场液冷超充站),star_charge,117.17665,34.247374,4,0,永安街道湖北路1号新盛广场地下停车场,泉山区,1,star_charge
星星充电汽车充电站(上山花园小区西区党群服务中心充电站),star_charge,117.29941,34.276139,2,2,金龙湖街道上山花园小区西区党群服务中心,贾汪区,1,star_charge
星星充电汽车充电站(徐州七岔路口便民充电站),star_charge,117.17355,34.257084,2,4,永安街道苏堤路灯塔农贸市场,泉山区,1,star_charge
智磐科技重卡超级充电站(智磐科技重卡充电站),state_grid,117.27463,34.387215,2,0,茅村派出所警务室南侧160米江苏中赫建材,铜山区,1,state_grid
中国石化超级充电站(黄山充电站),state_grid,117.228721,34.259204,2,1,子房山南坝山小区西南处,云龙区,1,state_grid
星星充电汽车充电站(和平饭店液冷超充站),star_charge,117.19692,34.25004,6,3,共建路和平饭店停车场后院,云龙区,1,star_charge
国家电网汽车充电站(徐州经开区金龙湖小学西校南侧充电站ZCF),state_grid,117.28269,34.25698,4,0,徐州经济开发区金龙湖小学西校区南侧停车场,云龙区,1,state_grid
云科智电汽车充电站(徐州信息谷超充示范站),state_grid,117.181587,34.234856,6,4,泰山路52号信息谷文化创意园,泉山区,1,state_grid
昆仑网电汽车充电站(中国石油徐州惠民小区充电站),state_grid,117.26331,34.171787,4,3,大龙湖街道思民路家电大楼旁停车场,云龙区,1,state_grid
特来电汽车充电站(特来电徐州人民广场充电站),teld,117.158488,34.264288,3,0,和平街道二环西路63号西都大厦地面停车场,泉山区,1,teld
闪得能源汽车充电站(徐州产发闪得经贸学院地铁口超充站),state_grid,117.24796,34.29804,3,0,金山桥街道金工路1号徐州锦园商务宾馆院内,鼓楼区,1,state_grid
易佳电汽车充电站(兰森易电荆马河南路储充充电站),state_grid,117.1953,34.3026,3,2,中山北路350号院内(九里山地铁站3号口步行430米),鼓楼区,1,state_grid
闪得能源汽车充电站(产发闪得中浮矿业光储充超充站),state_grid,117.182526,34.214725,5,3,三环南路与新泰路交叉口东120米江苏中浮矿业科技有限公司院内,泉山区,1,state_grid
星星充电汽车充电站(徐州三环北路张庄社区充电站),star_charge,117.138405,34.314537,5,4,九里街道三环北路辅路张庄社区地面停车场,鼓楼区,1,star_charge
中国石化汽车充电站(淮海西路理想国际充电站),state_grid,117.145453,34.257977,5,0,段庄街道淮海西路388号理想国际广场,泉山区,1,state_grid
昆仑网电汽车充电站(中国石油徐州铜沛充电站),state_grid,117.165085,34.279522,4,4,铜沛街道中环赞城地面停车场,鼓楼区,1,state_grid
安星充电汽车充电站(徐州杉杉奥特莱斯购物中心充电站),state_grid,117.12851,34.228504,3,1,云龙湖风景区玉带大道6号杉杉奥特莱斯地下停车场负一层,泉山区,1,state_grid
领傲汽车充电站汽车充电站(云龙区宪法广场停车场),state_grid,117.2609,34.24675,5,4,翠屏山街道民富路云龙区法治公园,云龙区,1,state_grid
特来电汽车充电站(特来电徐州太行路充电站),teld,117.292913,34.216701,6,2,太行路新四院西隔壁启达驾校地面停车场001-010号车位,云龙区,1,teld
云快充汽车充电站(北京路云快充充电站新),state_grid,117.179834,34.160035,12,0,北京南路307号,铜山区,1,state_grid
彭城服务区电动汽车充电站,state_grid,117.229343,34.160915,2,1,彭城服务区(霍尔果斯方向),铜山区,1,state_grid
中国石化汽车充电站(大龙湖北岸充电站),state_grid,117.26626,34.208454,6,1,彭祖大道58号徐州绿地皇冠假日酒店东侧停车场,云龙区,1,state_grid
云快充汽车充电站(铜山万达充电站),state_grid,117.190635,34.192497,10,1,铜山万达东侧北京路和海河东路交叉口东南角停车场,铜山区,1,state_grid
云快充汽车充电站(徐州能量驿站超充站),state_grid,117.603199,34.106206,4,2,单集镇薛庄,铜山区,1,state_grid
极氪能源汽车充电站(ZEEKR Power徐州万达广场云龙店超充站),state_grid,117.244924,34.25379,4,0,黄山街道和平大道58号徐州云龙万达广场地下停车场负一层,云龙区,1,state_grid
国家电网汽车充电站(江苏省徐州市铜山区久隆凤凰城充电站),state_grid,117.154972,34.183673,6,0,久隆凤凰城北门旁,铜山区,1,state_grid
特来电汽车充电站(特来电徐州君廷湖畔充电站),teld,117.274209,34.267705,3,0,金龙湖街道城东快速路辅路汉庭酒店(徐州环球港高铁站店),贾汪区,1,teld
星星充电汽车充电站(水漫桥路水漫桥产业园超级充电站),star_charge,117.152635,34.27596,6,3,和平街道水漫桥产业园民健东园地面停车场,泉山区,1,star_charge
力氪汽车充电站(徐州鑫强伟重卡兆瓦超级),state_grid,117.433813,34.486355,4,4,小康路与江柳线交叉口西南20米,贾汪区,1,state_grid
昆仑网电汽车充电站(中国石油徐州庆丰路充电站),state_grid,117.256035,34.241257,2,3,庆丰商务园,云龙区,1,state_grid
昆仑网电汽车充电站(中国石油徐州风尚路充电站),state_grid,117.187515,34.28143,2,2,米兰国际写字楼停车场(九龙湖地铁站2C口步行310米),鼓楼区,1,state_grid
理想超级充电站(理想5C超充站徐州莱商银行徐州泉山支行),state_grid,117.158028,34.256163,3,3,永安街道荣景路阿尔卡迪亚,泉山区,1,state_grid
国家电网汽车充电站(徐州经开区杨山科技创新谷充电站DCF),state_grid,117.2664,34.288303,3,2,杨山路21号杨山科技创新谷,鼓楼区,1,state_grid
特来电充电站(徐州南湖水街站),teld,117.156613,34.230236,2,3,湖中路徐州云龙湖旅游景区内南侧地面停车场35,泉山区,1,teld
易佳电汽车充电站(兰森易电复兴北路储充充电站),state_grid,117.2121,34.2967,2,4,徐州市八里社区综合服务楼南侧,鼓楼区,1,state_grid
蔚景云汽车充电站(金山桥蟠桃山路充电站),state_grid,117.25954,34.290146,2,4,东环街道蟠桃山路金山桥公交停车场,鼓楼区,1,state_grid
昆仑网电汽车充电站(中国石油徐州开明市场充电站),state_grid,117.244108,34.263127,3,3,城东快速路184号开明市场北侧停车场,云龙区,1,state_grid
星星充电汽车充电站(星星充电-迪来茅村重卡充电站),star_charge,117.276289,34.380247,4,2,"茅村镇梅庄红绿灯北一公里路东,汇泉检测站南",铜山区,1,star_charge
云快充汽车充电站(志强翼展重卡站),state_grid,117.16819,34.367251,5,1,柳新镇破楼,铜山区,1,state_grid
昆仑网电汽车充电站(中国石油徐州新欣加油站充电站),state_grid,117.22622,34.20354,5,2,欣欣路7号,泉山区,1,state_grid
特斯拉超级充电站(徐州卡奈花园酒店),state_grid,117.166755,34.264204,5,3,淮海西路252-4号徐州市卡奈花园酒店地面停车场/入口淮海西路,泉山区,1,state_grid
中国石化汽车充电站(镜泊东路元和路档案馆停车场充电站),state_grid,117.286934,34.20404,4,4,大龙湖街道停车场(元和路),云龙区,1,state_grid
新电途汽车充电站(管道小区泉房物业公司充电站),state_grid,117.19429,34.21003,5,1,管道小区里西区46号楼西侧泉房物业公司部东侧,泉山区,1,state_grid
中国石化汽车充电站(兰森易电复兴北路充电站),state_grid,117.21222,34.296738,4,2,复兴北路八里社区综合服务楼南侧,鼓楼区,1,state_grid
星星充电汽车充电站(徐州开元翡翠杏山充电站),star_charge,117.119268,34.246098,3,4,湖滨街道兴盛路翡翠杏山,泉山区,1,star_charge
国家电网汽车充电站(徐电集团汽车充电站经开区冠宇公司站),state_grid,117.25978,34.287907,5,2,东环街道杨山路徐州冠宇供用电公司,鼓楼区,1,state_grid
捷顺充充电站(徐州苏宁广场慢充充电桩),state_grid,117.189413,34.266134,4,3,黄楼街道相遇融合餐厅(徐州彭城苏宁广场店)徐州彭城苏宁广场,鼓楼区,1,state_grid
特来电汽车充电站(特来电徐州徐庄公路站),teld,117.456718,34.295817,6,4,徐庄镇徐庄服务区三环路公路管理站徐庄养护工区,铜山区,1,teld
云快充汽车充电站(张集镇中心医院充电站),state_grid,117.384445,34.13472,5,2,张集镇中心卫生院地面停车场,铜山区,1,state_grid
新电途汽车充电站(华美风景园垃圾站西充电站),state_grid,117.11918,34.263527,4,0,火花街道徐州市泉山区新美风景园社区劳动保障服务站华美风景园,泉山区,1,state_grid
中国石化汽车充电站(兰森易电荆马河南路充电站),state_grid,117.19487,34.30274,2,4,中山北路350号院内(九里山地铁站3号口步行390米),鼓楼区,1,state_grid
国家电网汽车充电站(徐州市海外人才创业示范园充电站),state_grid,117.279327,34.268965,3,2,海外人才中国创新创业示范园停车场,贾汪区,1,state_grid
昆仑网电汽车充电站(中国石油徐州雨润充电站),state_grid,117.10169,34.25433,6,2,徐州雨润采购中心市场水产品批区停车场,泉山区,1,state_grid
徐州高铁站地下停车场充电站,state_grid,117.301292,34.266392,3,4,站东路1号徐州东站西广场地下停车场,贾汪区,1,state_grid
小桔充电汽车充电站(彭城路充电站),state_grid,117.187872,34.258786,3,0,彭城街道解放路17-2号泛亚大厦(彭城路),云龙区,1,state_grid
星星充电汽车充电站(铜山区张集镇博源高级充电站),star_charge,117.389946,34.13401,2,0,张集镇五环路辅路,铜山区,1,star_charge
小桔充电汽车充电站(充电啰惠民路充电站),state_grid,117.19656,34.172802,5,1,新区街道惠民路,铜山区,1,state_grid
蔚景云汽车充电站(老东门停车场充电站),state_grid,117.195978,34.262006,3,1,彭城街道民主南路2号号老东门今雨天地,云龙区,1,state_grid
云快充汽车充电站(高铁站南路充电站),state_grid,117.302042,34.264658,11,1,站南路21号地面停车场(停车场入口鲲鹏路和交叉口往东30米),贾汪区,1,state_grid
汽车充电站(江苏辉豪徐州妇幼保健院超级充电站),state_grid,117.195224,34.252155,5,1,彭城街道苏园街国华天域,云龙区,1,state_grid
云快充超级充电站(徐州瑞之鑫重卡超级快充站),state_grid,117.09186,34.373707,6,0,刘集镇徐丰公路与刘杨线交叉口西北260米陕汽重卡,铜山区,1,state_grid
国家电网汽车充电站(江苏省徐州市淮徐高速古黄河服务区充电站徐州方向2),state_grid,117.418927,34.126985,6,0,淮徐高速徐州古黄河服务区徐州方向地面停车场,铜山区,1,state_grid
国家电网汽车充电站(国网淮徐高速古黄河服务区淮安方向充电站2),state_grid,117.418434,34.12637,5,0,古黄河服务区(淮安方向),铜山区,1,state_grid
云快充汽车充电站(裕泽恒充电站),state_grid,117.426115,34.484839,7,2,江柳线附近(赵家桥东338米),贾汪区,1,state_grid
星星充电汽车充电站(徐州金山桥维也纳酒店充电站),star_charge,117.24113,34.293125,4,1,金山桥街道东三环路维也纳酒店,鼓楼区,1,star_charge
古黄河服务区国家电网电动汽车充电站,state_grid,117.41892,34.126333,2,3,淮徐高速徐州古黄河服务区(淮安方向)地面停车场,铜山区,1,state_grid
特来电汽车充电站(中煤五院充电站),teld,117.14957,34.257732,2,1,段庄街道徐州医学院附属医院康复科二病区中煤第五建设公司职工医院,泉山区,1,teld
星星充电汽车充电站(徐州矿山路鼎瑞雅居充电站),star_charge,117.139114,34.26412,3,1,段庄街道矿山路63号鼎瑞·雅居,泉山区,1,star_charge
理想超级充电站(理想超充站徐州云龙区帝都大厦),state_grid,117.192936,34.250326,5,3,师大云龙校区地铁站3号口步行140米,云龙区,1,state_grid
世动云充汽车充电站(徐州市泉山区枫情水岸充电站),state_grid,117.197137,34.245192,5,2,奎山街道引洪南路枫情水岸,泉山区,1,state_grid
星星充电汽车充电站(星星充电-徐州彭城嘉润发充电站),star_charge,117.271708,34.285023,6,1,经济技术开发区东环街道泰隆商业街彭城嘉润发超市地下停车场,鼓楼区,1,star_charge
星星充电汽车充电站(上山小区西区17号楼充电站),star_charge,117.29788,34.274837,5,4,金龙湖街道无眠酒店徐州高铁站梦之车新能源汽车广场店大堂上山花园西区,贾汪区,1,star_charge
星星充电汽车充电站(绿地商务城领海充电站),star_charge,117.28154,34.207836,3,0,大龙湖街道绿地商务城领海3号楼东南侧,云龙区,1,star_charge
星星充电汽车充电站(星星充电-徐州闽商汽车园超级充电站),star_charge,117.232001,34.278559,2,1,下淀工业园西北门旁,鼓楼区,1,star_charge
中国石化汽车充电站(徐州桔子酒店充电站),state_grid,117.284305,34.278316,3,2,金龙湖街道振兴大道48号桔子酒店徐州火车东站店,贾汪区,1,state_grid
星星充电汽车充电站(徐州金泰小区充电站),star_charge,117.1715,34.223656,3,0,金山街道金泰小区10号楼西侧,泉山区,1,star_charge
特来电汽车充电站(徐州康远重卡充电站),teld,117.401596,34.339252,2,2,大吴街道对圩子,贾汪区,1,teld
昆仑网电汽车充电站(中国石油徐州晴朗谷广场充电站),state_grid,117.18362,34.213891,4,0,晴朗谷广场·1818PARK地面停车场,泉山区,1,state_grid
蔚景云汽车充电站(唐盛路充电站),state_grid,117.28462,34.209526,5,2,大龙湖街道唐盛路绿地商务城蓝海OFFICE,云龙区,1,state_grid
蔚景云汽车充电站(大马路停车场充电站),state_grid,117.198899,34.266943,2,2,黄楼街道黄河东路41号民生大厦(大马路),鼓楼区,1,state_grid
星星充电汽车充电站(星星充电-徐州泽信公馆充电站),star_charge,117.134065,34.308349,4,0,九里街道城市花园路泽信公馆公共停车场,鼓楼区,1,star_charge
特来电汽车充电站(徐州润龙),teld,117.250291,34.249409,5,0,大郭庄街道庆丰路云龙华府2期地面停车场,云龙区,1,teld
小桔充电汽车充电站(惠民小区充电站),state_grid,117.274038,34.173237,6,3,大龙湖街道惠民路惠民花园小区,云龙区,1,state_grid
国家电网汽车充电站(国网徐州泉山西郊变充电站),state_grid,117.137215,34.260998,4,3,段庄街道三环西路辅路旁,泉山区,1,state_grid
云快充汽车充电站(汉园宾馆充电站),state_grid,117.192703,34.249463,5,0,和平路57号(汉园宾馆停车场内)地上,云龙区,1,state_grid
星星充电汽车充电站(张集镇旺铺商贸城充电站),star_charge,117.3807,34.13596,5,2,张集镇张集街104国道南侧,铜山区,1,star_charge
徐州东站东广场地下停车场汽车充电站,state_grid,117.31014,34.2683,4,0,顺安路与站东路交叉口西140米,贾汪区,1,state_grid
昆仑网电汽车充电站(中国石油徐州新星充电站),state_grid,117.263626,34.373116,4,1,国道104茅村镇茅村段,铜山区,1,state_grid
蔚景云汽车充电站(龟山景区南门停车场充电站),state_grid,117.138328,34.305363,2,1,九里街道龟山南路龟山汉墓内(南侧),鼓楼区,1,state_grid
平高智联汽车充电站(奎园小区充电站),state_grid,117.20702,34.232094,5,1,梅月园小区6栋东侧,泉山区,1,state_grid
特斯拉超级充电站(徐州淮海环球港),state_grid,117.273569,34.268814,2,0,经济技术开发区徐海路8号淮海环球港地下B1层G区,贾汪区,1,state_grid
星星充电汽车充电站(天主教徐州教区主教府充电站),star_charge,117.1378,34.25258,5,2,湖滨街道西三环路天主教徐州教区主教公署地面停车场,泉山区,1,star_charge
国家电网汽车充电站(国网徐州鼓楼中山北路米兰国际充电站),state_grid,117.1868,34.281334,5,3,米兰国际写字楼西门旁(九龙湖地铁站1号口步行380米),鼓楼区,1,state_grid
中国石化汽车充电站(徐州泰顺充电站),state_grid,117.17766,34.154247,3,3,铜山街道中国石化泰顺加油站,铜山区,1,state_grid
特斯拉超级充电站(徐州印象城),state_grid,117.26588,34.25459,5,3,和平大道118号徐州印象城地下停车场B2层/入口汉云路,云龙区,1,state_grid
新电途汽车充电站(新电途云龙区绿地缤纷城站),state_grid,117.282772,34.214525,2,1,徐州云珑里,云龙区,1,state_grid
驴充充汽车充电站(韩楼村土地庙站),state_grid,117.072578,34.251921,4,1,G311(徐峡线)徐州利隆网架工程有限公司,铜山区,1,state_grid
昆仑网电汽车充电站(中国石油徐州金都华府充电站),state_grid,117.204198,34.284048,5,4,复兴北路169号,鼓楼区,1,state_grid
昆仑网电汽车充电站(中国石油徐州星光路充电站),state_grid,117.441016,34.429563,5,3,星光路五号井花园C区北侧城乡家悦超市地面停车位,贾汪区,1,state_grid
星星充电汽车充电站(星星充电-博汇),star_charge,117.368156,34.277321,3,0,徐州博汇世通重工机械有限责任公司西1门旁,贾汪区,1,star_charge
星星充电汽车充电站(徐州三院充电站),star_charge,117.197747,34.273398,3,4,环城街道曙光整形医院院内停车场,鼓楼区,1,star_charge
星星充电汽车充电站(可嘟充电-徐州九里峰景荣盛地下商业广场一期充电站),star_charge,117.161749,34.280496,5,4,铜沛街道二环北路198号荣盛商业广场地下商业广场一期,鼓楼区,1,star_charge
特来电汽车充电站(特来电徐州和风雅致充电站),teld,117.193465,34.292733,6,1,牌楼街道徐运新河西路285号和风雅致小区地面停车场9,鼓楼区,1,teld
中国石化汽车充电站(绿地缤纷充电站),state_grid,117.283181,34.213127,4,3,唐盛路5号绿地缤纷城水街12号楼,云龙区,1,state_grid
星星充电汽车充电站(星星充电-徐州居然之家超级充电站),star_charge,117.21863,34.308186,5,2,居然之家(徐州复兴北路店)地面停车场,鼓楼区,1,star_charge
汽车充电站,state_grid,117.633491,34.215195,3,0,单集服务区,铜山区,1,state_grid
新电途汽车充电站(华美和园3期西门东充电站),state_grid,117.11172,34.348663,4,2,庞庄街道华美和园三期,泉山区,1,state_grid
中国石化汽车充电站(方山充电站),state_grid,117.271363,34.292104,6,4,东环街道中国石化徐州方山站中国石化方山站,鼓楼区,1,state_grid
星星充电汽车充电站(望城花园充电站),star_charge,117.137249,34.202718,4,2,铜山街道望城花园,铜山区,1,star_charge
汽车充电站(硕源大学路场站),state_grid,117.13177,34.18646,6,4,徐州市大学路实验学校西南门西50米,铜山区,1,state_grid
潘安湖国家湿地公园充电站,state_grid,117.36275,34.35742,2,2,潘安湖国家湿地公园内西侧地面停车场,贾汪区,1,state_grid
星星充电汽车充电站(雨润安途汽车充电站),star_charge,117.0999,34.264236,2,3,火花街道月河精选酒店,泉山区,1,star_charge
理想超级充电站(理想超充站徐州市云龙区爱琴海购物中心),state_grid,117.23529,34.25343,4,0,爱琴海购物中心(黄山垅地铁站1号口步行330米),云龙区,1,state_grid
特来电超级充电站(江苏辉豪徐州云龙湖畔超级充电站免停2小时),teld,117.176531,34.24739,3,2,永安街道湖北路1号新盛广场地下停车场西入口内20米处,泉山区,1,teld
新电途汽车充电站([迅飞]泉山雁东小区能效充电站(7米枪线占位可充)),state_grid,117.142055,34.257954,5,1,段庄街道金阳路雁东小区(韩山地铁站4号口步行360米),泉山区,1,state_grid
特来电汽车充电站(柳新华润路超充重卡站),teld,117.187222,34.349274,5,3,柳新镇华润路江苏四方锅炉有限公司,铜山区,1,teld
百瑞充电汽车充电站(矿山路小学充电站),state_grid,117.144067,34.26305,4,3,矿山路小学充电站,泉山区,1,state_grid
中国石化汽车充电站(经开智造园充电站),state_grid,117.376987,34.281968,3,0,大庙街道乐业路6号联东U谷,贾汪区,1,state_grid
星星充电汽车充电站(庆伟宾馆充电站),star_charge,117.133461,34.366174,5,3,柳新镇徐州庆伟宾馆徐州古建瓦厂,铜山区,1,star_charge
特来电汽车充电站(大吴民和苑小区充电站),teld,117.398145,34.325788,3,4,大吴街道通港大道25号潘安民和苑,贾汪区,1,teld
星星充电汽车充电站(星星充电-徐州响山北路充电站),star_charge,117.21692,34.27581,6,1,锦绣滨湖3期西门旁,鼓楼区,1,star_charge
新电途汽车充电站(金都华府地下车库B75B76车位充电站),state_grid,117.204765,34.284595,6,4,丰财街道金都华府地下车库,鼓楼区,1,state_grid
PP充电汽车充电站(启智充徐州开元翡翠湾四期),state_grid,117.125496,34.241875,6,1,"湖滨街道三环西路,杏山工业园区开元翡翠湾",泉山区,1,state_grid
星星充电汽车充电站(徐州南高速充电站),star_charge,117.164055,34.14472,4,4,新区街道安科一路中国安全谷,铜山区,1,star_charge
新电途汽车充电站(华美风景园北门充电站),state_grid,117.12155,34.26499,4,2,火花街道卧牛山路火花派出所,泉山区,1,state_grid
中国石化超级充电站(朝阳客运站充电站),state_grid,117.205345,34.27039,5,0,子房街道津浦西路228号朝阳客运站停车场,云龙区,1,state_grid
世动云充汽车充电站(徐州市软件园舜淮府第充电站),state_grid,117.20219,34.23021,2,3,奎山街道软件园路舜淮府第,泉山区,1,state_grid
特斯拉超级充电站(徐州杉杉奥特莱斯),state_grid,117.1289,34.228584,2,3,玉带大道6号徐州杉杉奥特莱斯地下停车场负一层D2区/入口玉带大道,泉山区,1,state_grid
蔚景云汽车充电站(西安南路停车场充电站),state_grid,117.17561,34.254143,2,1,永安街道停车场(明珠路),泉山区,1,state_grid
星星充电汽车充电站(云龙区政府1),star_charge,117.251027,34.253517,3,0,黄山街道云龙区政府院内西侧停车场,云龙区,1,star_charge
星星充电汽车充电站(星星充电-徐州欧蓓莎超级充电站),star_charge,117.316948,34.278507,5,4,城东快速路31号,贾汪区,1,star_charge
比亚迪闪充汽车充电站(比亚迪徐州恒越4S店),state_grid,117.24244,34.261814,2,2,黄山街道城东快速路辅路比亚迪汽车王朝网,云龙区,1,state_grid
星星充电汽车充电站(铜山区张集镇名博重卡充电站),star_charge,117.38876,34.13274,3,4,张集镇104国道,铜山区,1,star_charge
蔚景云汽车充电站(户部山地下停车场充电站),state_grid,117.191756,34.256197,3,3,彭城街道解放南路120号苏园里,云龙区,1,state_grid
国家电网汽车充电站(国网徐州铜山柳泉104国道充电站),state_grid,117.301039,34.43882,5,4,柳泉镇供电所,铜山区,1,state_grid
国家电网汽车充电站(国网徐州鼓楼港利上城国际充电站),state_grid,117.166082,34.323322,6,2,三环北路港利上城国际地面停车场,鼓楼区,1,state_grid
国家电网汽车充电站(国网徐州铜山伊庄青年路充电站),state_grid,117.593194,34.158912,6,3,伊庄镇伊庄村青年路供电所门口,铜山区,1,state_grid
国家电网汽车充电站(国网徐州云龙潘塘供电所交流充电站),state_grid,117.27163,34.1781,3,1,国家电网汽车充电站徐州市云龙区潘塘充电站地面停车场,云龙区,1,state_grid
国家电网汽车充电站(铜源新能源充电站国网合作站),state_grid,117.143853,34.476838,5,1,江苏瑞华玻璃科技有限公司西南(362镇道南),铜山区,1,state_grid
国家电网汽车充电站(国网徐州下淀营业厅充电站),state_grid,117.236605,34.300432,5,4,徐州市经济开发区下淀供电营业厅地面停车场,鼓楼区,1,state_grid
国家电网汽车充电站(国网徐州云龙潘塘营业厅充电站),state_grid,117.271235,34.178121,4,4,潘塘供电营业厅地面停车场,云龙区,1,state_grid
国家电网汽车充电站(国网徐州东贺加油站物流充电站),state_grid,117.286928,34.270371,6,2,振兴大道30号地面停车场,贾汪区,1,state_grid
国家电网汽车充电站(泉山区王新庄充电站国网合作站),state_grid,117.11614,34.301434,4,3,王新庄小学东65米,泉山区,1,state_grid
国家电网汽车充电站(国网徐州铜山郑集人民政府充电站),state_grid,117.050636,34.435207,2,4,地面停车场,铜山区,1,state_grid
国家电网汽车充电站(国网徐州铜山第十加油站充电站),state_grid,117.246729,34.345313,2,4,茅村镇310国道中国石化徐州第十加油站地面停车场,铜山区,1,state_grid
国家电网汽车充电站(国网徐州铜山利国阳光嘉苑充电站),state_grid,117.331105,34.537845,3,2,利国镇供电所,铜山区,1,state_grid
国家电网汽车充电站(国网徐州贾汪江庄供电所交流充电站),state_grid,117.437775,34.487934,5,1,贾汪江庄供电所,贾汪区,1,state_grid
国家电网汽车充电站(江苏省徐州市鼓楼区新能源展示厅充电站),state_grid,117.211337,34.295256,6,4,奔腾大道与煤港路交叉口正东方向77米地面停车场,鼓楼区,1,state_grid
国家电网汽车充电站(国网徐州铜山何桥304县道充电站),state_grid,116.92022,34.448296,4,3,何桥镇供电所,铜山区,1,state_grid
国家电网汽车充电站(国网徐州云龙中石化兴华加油站充电站),state_grid,117.243389,34.186232,5,3,彭祖大道中国石化徐州兴华加油站地面停车场,云龙区,1,state_grid
国家电网汽车充电站(国网徐州铜山房村供电所交流充电站),state_grid,117.4534,34.10342,5,3,房村供电所,铜山区,1,state_grid
国家电网充电站(青山泉供电所营业厅),state_grid,117.380625,34.411975,2,4,徐州方圆农资有限责任公司东北侧,贾汪区,1,state_grid
国家电网汽车充电站(国网徐州铜山大许人民路充电站),state_grid,117.559902,34.289278,4,4,大许镇供电所,铜山区,1,state_grid
国家电网汽车充电站(国网徐州铜山柳新唐毛路充电站),state_grid,117.163069,34.367636,2,0,柳新镇唐毛路金鑫机动车检测中心院内地面停车场,铜山区,1,state_grid
国家电网汽车充电站(国网徐州铜山徐庄供电所交流充电站),state_grid,117.471146,34.23573,3,3,徐庄供电所,铜山区,1,state_grid
国家电网汽车充电站(寄堡村新能源快充站国网合作站),state_grid,117.319336,34.5128,10,2,南郊加油站(京福线)南100米,铜山区,1,state_grid
国家电网汽车充电站(国网徐州铜山大彭充电站),state_grid,117.076202,34.283394,3,4,大彭镇夹河中学附近地面停车场,铜山区,1,state_grid
国家电网汽车充电站(国网徐州泉山中石化管道储运公司充电站),state_grid,117.19465,34.20768,2,4,中国石化管道储运有限公司64号楼西侧停车场,泉山区,1,state_grid
国家电网汽车充电站(国网徐州铜山汉王游客服务中心充电站),state_grid,117.114758,34.220102,3,4,汉王镇南望村玉带大道游客中心地面停车场,铜山区,1,state_grid
国家电网汽车充电站(江苏省徐州市铜山区高新区安科园充电站),state_grid,117.167335,34.148376,6,4,新技术开发区安科园3号楼北侧地面停车场,铜山区,1,state_grid
国家电网汽车充电站(国网徐州铜山棠张政府广场充电站),state_grid,117.263981,34.145562,2,1,棠张镇政府北侧电影院广场地面停车场,铜山区,1,state_grid
国家电网汽车充电站(江苏省徐州市贾汪督公湖充电站),state_grid,117.552008,34.439301,3,3,302县道督公湖风景区停车场内,贾汪区,1,state_grid
国家电网汽车充电站(国网徐州东方雨企业管理有限公司停车场充电站),state_grid,117.298229,34.274039,6,0,徐海路与鲲鹏路交叉口(徐州高铁站向北300米)梦之车新能源汽车广场地面停车场,贾汪区,1,state_grid
国家电网汽车充电站(国网徐州云龙海森比亚迪4S店充电站),state_grid,117.24091,34.208876,3,4,城南开发区两山口104国道北侧比亚迪4S店内地面停车场,云龙区,1,state_grid
国家电网汽车充电站(国网徐州凤荟园一期充电站),state_grid,117.368507,34.273334,6,0,徐州市经济开发区凤荟园地面停车场(沈大路南),贾汪区,1,state_grid
国家电网汽车充电站(国网徐州铜山大许同心文化广场充电站),state_grid,117.557889,34.29399,5,1,311国道11号靠近府前桥地面停车场,铜山区,1,state_grid
国家电网汽车充电站(国网徐州铜山黄集黄李线充电站),state_grid,116.980859,34.434566,2,0,黄集镇供电所,铜山区,1,state_grid
国家电网汽车充电站(国网徐州经济开发区赵庄居委会直流充电站),state_grid,117.282406,34.323138,11,2,东环街道办事处赵庄居委会地面停车场,鼓楼区,1,state_grid
国家电网汽车充电站(国网徐州铜山单集人民政府充电站),state_grid,117.597382,34.204127,3,1,单集镇单集供电所门口,铜山区,1,state_grid
国家电网汽车充电站(徐州市云龙区铜山路日成奥运城停车场充电站国网合作站),state_grid,117.21511,34.262238,3,3,铜山路瑞丰农贸市场停车场,云龙区,1,state_grid
国家电网汽车充电站(国网徐州经济开发区蟠桃花园交流充电站),state_grid,117.27569,34.283417,2,4,徐州市经济开发区蟠桃花园三村内,鼓楼区,1,state_grid
国家电网汽车充电站(国网徐州经济开发区蟠桃花园直流充电站),state_grid,117.27569,34.283417,6,0,徐州市经济开发区蟠桃花园三村内,鼓楼区,1,state_grid
国家电网汽车充电站(徐州市铜山区马坡镇充电站),state_grid,117.116947,34.537274,6,4,马坡镇马坡供电所附近地面停车场(电子产业园西侧),铜山区,1,state_grid
国家电网汽车充电站(国网徐州大庙村委会南充电站),state_grid,117.400961,34.29109,3,4,乐业路6号地面停车场,贾汪区,1,state_grid
国家电网汽车充电站(国网徐州铜山棠张供电所交流充电站),state_grid,117.267113,34.143154,3,4,棠张供电所,铜山区,1,state_grid
国家电网汽车充电站(国网徐州贾汪吾悦广场充电站),state_grid,117.455101,34.418842,2,1,吾悦广场地面停车场,贾汪区,1,state_grid
国家电网汽车充电站(国网徐州贾汪格林豪泰酒店充电站),state_grid,117.28533,34.273876,5,2,开发区振兴大道与G206国道交叉口向北50米,贾汪区,1,state_grid
国家电网汽车充电站(国网徐州贾汪2号群众文化活动中心充电站),state_grid,117.46318,34.436466,5,4,府佑路群众文化活动中心东侧停车场,贾汪区,1,state_grid
国家电网汽车充电站(江苏省徐州市鼓楼区拾屯充电站),state_grid,117.134745,34.304737,3,4,襄王北路拾屯供电所院内,鼓楼区,1,state_grid
国家电网汽车充电站(江苏省徐州市铜山区三堡镇嘉乐园充电站),state_grid,117.153557,34.139219,5,2,三堡镇嘉乐园地面停车场,铜山区,1,state_grid
国家电网汽车充电站(贾汪群众文化活动中心),state_grid,117.463175,34.436721,2,0,群众文化活动中心停车场东北角,贾汪区,1,state_grid
国家电网汽车充电站(国网徐州鼓楼红星美凯龙充电站),state_grid,117.218237,34.30869,6,2,琵琶街道红星·美凯龙全球家居广场地面停车场C038,鼓楼区,1,state_grid
国家电网汽车充电站(国网徐州泉山大学路亚朵酒店充电站),state_grid,117.151991,34.212622,4,0,大学路202号地面停车场,铜山区,1,state_grid
国家电网汽车充电站(国网徐州经济开发区大庙供电营业厅充电站),state_grid,117.360738,34.280155,6,0,徐州市经济开发区大庙供电营业厅地面停车场,贾汪区,1,state_grid
国家电网汽车充电站(国网淮徐高速古黄河服务区徐州方向充电站2),state_grid,117.41938,34.127056,3,3,古黄河服务区(徐州方向),铜山区,1,state_grid
国家电网汽车充电站(国网徐州经济开发区赵庄居委会交流充电站),state_grid,117.28244,34.32344,4,0,徐州市经济开发区东环街道办事处赵庄居委会,鼓楼区,1,state_grid
国家电网汽车充电站(徐州市云龙区金为星悦城地下停车场超级充电站国网合作站),state_grid,117.24879,34.257843,2,0,庆丰路东学院路南金为星悦城商业街区B地块地下室A区,云龙区,1,state_grid
国家电网汽车充电站(国网徐州贾汪徐矿大黄山华新小区门口充电站),state_grid,117.34855,34.28749,3,2,矿山路18路,贾汪区,1,state_grid
国家电网汽车充电站(国网徐州铜山刘集供电所交流充电站),state_grid,117.064837,34.356443,2,1,刘集供电所地面停车场,铜山区,1,state_grid
邵楼服务区区国家电网汽车充电站,state_grid,117.515138,34.218105,4,1,邵楼服务区(霍尔果斯方向),铜山区,1,state_grid
国家电网汽车充电站(国网徐州贾汪转型大道73号夏桥农贸场充电站),state_grid,117.45023,34.427294,6,4,转型大道73号夏桥农贸市场,贾汪区,1,state_grid
国家电网汽车充电站(国网连霍高速邵楼服务区连云港方向充电站2),state_grid,117.514288,34.216113,5,1,邵楼服务区(连云港方向)地面停车场,铜山区,1,state_grid
国家电网汽车充电站(江苏省徐州市贾汪区贾汪交流),state_grid,117.447841,34.433898,6,4,徐州贾汪供电公司地面停车场,贾汪区,1,state_grid
国家电网汽车充电站(连霍高速邵楼服务区充电站连云港方向),state_grid,117.51424,34.21616,4,1,连霍高速铜山邵楼服务区(连云港方向)地面停车场,铜山区,1,state_grid
国家电网汽车充电站(国网徐州铜山徐庄圣沃村停车场充电站),state_grid,117.498505,34.201347,6,1,徐庄镇圣沃村停车场,铜山区,1,state_grid
国家电网汽车充电站(国网京台高速刘集服务区北京方向充电站2),state_grid,117.04915,34.32762,2,1,刘集服务区(北京方向),铜山区,1,state_grid
国家电网汽车充电站(连霍高速邵楼服务区充电站霍尔果斯方向),state_grid,117.515774,34.21857,4,2,邵楼服务区(霍尔果斯方向)地面停车场,铜山区,1,state_grid
国家电网汽车充电站(国网徐州贾汪塔山人民法院附近充电站),state_grid,117.567556,34.339605,2,0,塔山镇塔山供电所,贾汪区,1,state_grid
国家电网汽车充电站(京台高速刘集服务区充电站北京方向),state_grid,117.04995,34.327251,6,4,刘集服务区(北京方向)地面停车场,铜山区,1,state_grid
国家电网汽车充电站(国网徐州经济开发区狼古墩村委会充电站),state_grid,117.325955,34.349414,6,1,徐州市经济开发区狼古墩村委会,贾汪区,1,state_grid
特来电汽车充电站(特来电徐州喜来登酒店充电站),teld,117.14291,34.20359,4,3,铜山街道徐州喜来登酒店西北门进门右转,铜山区,1,teld
特来电汽车充电站(特来电徐州七里沟充电站),teld,117.22384,34.2263,6,4,七里沟街道新世纪最家空间南侧地下停车场B1层C2-C5,泉山区,1,teld
特来电汽车充电站(硕源无名山公园充电站),teld,117.17717,34.181557,4,3,铜山街道衡山路4-106号无名山公园(北1门),铜山区,1,teld
特来电汽车充电站(沛县五段镇七段电商园充电站),teld,117.11806,34.55636,5,4,马坡镇三七路,铜山区,1,teld
特来电汽车充电站(徐运金启广汽新能源充电服务站),teld,117.230973,34.224306,4,2,兴龙路与荣茂路交叉口南40米,云龙区,1,teld
特来电汽车充电站(江苏辉豪徐州云龙湖畔),teld,117.17665,34.247254,4,3,新盛·弘阳广场地下停车场,泉山区,1,teld
特来电汽车充电站(特来电徐州美的广场充电站),teld,117.299468,34.207857,3,0,大龙湖街道美的广场(新元大道地铁站4号口步行250米),云龙区,1,teld
特来电汽车充电站(特来电徐州高铁站南路充电站),teld,117.290927,34.260898,3,0,振兴大道与站南路交汇处绿城东方雅园13号楼地下停车场P190,贾汪区,1,teld
特来电汽车充电站(特来电徐州民安路充电站),teld,117.14448,34.270493,5,1,和平街道西苑中路25号西苑体育休闲公园地面停车场,泉山区,1,teld
特来电汽车充电站(徐州国检),teld,117.24605,34.18608,4,1,大龙湖街道中国国检测试控股集团徐州有限公司,云龙区,1,teld
特来电汽车充电站(特来电徐州沟棠路塘坊充电站),teld,117.259048,34.172797,6,1,大龙湖街道思民路与沟棠路交叉口西100米惠享生活广场北侧,云龙区,1,teld
特来电汽车充电站(徐州鼓楼风尚路),teld,117.187869,34.282751,5,3,中山北路鼓楼广场负二层地下停车场,鼓楼区,1,teld
特来电汽车充电站(特来电徐州新元大道紫金路口充电站),teld,117.30434,34.223698,2,0,汉风街道紫金路小韩商业服务中心,云龙区,1,teld
特来电汽车充电站(特来电徐州市荣益广场充电站),teld,117.1293,34.258214,4,4,规划路三与新淮海西路交叉口北100米荣益广场地下停车场,泉山区,1,teld
特来电充电站(徐州恒鑫汽车),teld,117.175,34.275338,5,0,铜沛路153号地面停车场,鼓楼区,1,teld
特来电充电站(徐州E20创意园充电站),teld,117.239999,34.295436,3,3,三环东路20号E20创意产业园,鼓楼区,1,teld
特来电目的地充电站(特来电徐州检验检测中心充电站),teld,117.249291,34.184659,5,3,兴业路与黄埔路交叉口西120米地面停车场,云龙区,1,teld
特来电汽车充电站(特来电徐州万豪酒店地面车位充电站),teld,117.17665,34.247254,3,4,云龙湖途家盛捷酒店地下停车场,泉山区,1,teld
特来电汽车充电站(特来电徐州正金充电站),teld,117.23911,34.240967,2,3,郭庄东路骆驼山康馨园正金酒店地面停车场,云龙区,1,teld
特来电汽车充电站(特来电徐州绿地铂瑞酒店充电站),teld,117.25948,34.20899,3,4,大龙湖街道徐州绿地铂瑞酒店,云龙区,1,teld
特来电汽车充电站(金龙湖科技金融广场一期)(暂停营业),teld,117.282133,34.258436,4,2,金龙湖科技金融广场地面停车场,云龙区,1,teld
特来电汽车充电站(徐州利星行物流充电站),teld,117.25127,34.309788,3,4,东环街道利星行机械(卡特彼勒代理商),鼓楼区,1,teld
特来电汽车充电站(港华交通徐州港华大厦地面站),teld,117.13847,34.26424,6,1,矿山路65号,泉山区,1,teld
特来电汽车充电站(特来电徐州黄集镇黄李线充电站),teld,116.98086,34.434566,5,3,黄集镇黄李线徐州亚太绝缘材料厂,铜山区,1,teld
特来电汽车充电站(特来电徐州美的乐城充电站),teld,117.23184,34.291145,2,0,丰财街道徐钢路美的乐城地下停车场蓝色区域车位,鼓楼区,1,teld
特来电汽车充电站(徐州高新区南充电站),teld,117.1615,34.14551,2,2,地面停车场,铜山区,1,teld
特来电汽车充电站(徐州市云龙区新元公寓充电站),teld,117.299999,34.222478,5,2,奥体路与紫金路交叉口东南100米,云龙区,1,teld
特来电目的地充电站(特来电徐州104国道陕汽重卡充电站),teld,117.27328,34.366966,6,0,茅村镇104国道陕汽重卡院内,铜山区,1,teld
特来电目的地充电站(特来电徐州康缘充电站),teld,117.007835,34.434124,2,0,黄集镇322省道徐州康缘工贸有限公司,铜山区,1,teld
特来电汽车充电站(赣榆吾悦广场超级充电站),teld,117.125435,34.242916,6,0,开元路湖西雅苑F区东南角,泉山区,1,teld
特来电目的地充电站(特来电徐州鲁尔小区充电站),teld,117.45039,34.449806,3,4,老矿街道站后路,贾汪区,1,teld
特来电目的地充电站(贾汪泉城花都B区充电站),teld,117.47985,34.44408,6,3,大泉街道泉城花都泉城花都B区,贾汪区,1,teld
特来电目的地充电站(特来电徐州和兴小区充电站),teld,117.45674,34.44226,4,0,民和路2号徐州和兴小区地面停车位,贾汪区,1,teld
特来电目的地充电站(特来电徐州群力小区充电站),teld,117.449715,34.439321,2,3,将军大街119号徐州群力小区地面停车位,贾汪区,1,teld
特来电汽车充电站(特来电徐州漫桥商业广场充电站)(暂停营业),teld,117.155481,34.268736,3,2,和平街道水漫桥路8号漫桥商业广场地下负一层,泉山区,1,teld
特来电目的地充电站(特来电徐州南湖月亮湾二区充电站),teld,117.43954,34.417774,6,1,老矿街道南湖月亮湾二区,贾汪区,1,teld
特来电目的地充电站(特来电徐州文化名园小区充电站),teld,117.45806,34.438416,6,0,旗山路与泉城路交叉口东150米文化名园小区地面停车位,贾汪区,1,teld
特来电目的地充电站(特来电徐州永业嘉苑小区充电站),teld,117.45052,34.42846,4,4,转型大道68号永业嘉苑小区地面停车位,贾汪区,1,teld
特来电目的地充电站(特来电徐州南湖月亮湾四区充电站),teld,117.439186,34.415016,5,2,老矿街道经十八路南湖月亮湾四区,贾汪区,1,teld
特来电汽车充电站,teld,117.302258,34.171305,4,3,104国道与孙冯路交叉口西北300米,云龙区,1,teld
特来电汽车充电站(柳新镇政府服务中心充电站),teld,117.113914,34.362606,2,3,柳新镇便民服务大厅,铜山区,1,teld
特来电目的地充电站(特来电贾汪天下春生态酒店充电站),teld,117.34315,34.364372,5,4,潘安湖街道天下春生态度假酒店(徐州之夜喜庆路店),贾汪区,1,teld
特来电目的地充电站(特来电同旺家园北区充电站),teld,117.44739,34.43064,5,2,老矿街道同旺家园同旺家园北区,贾汪区,1,teld
特来电汽车充电站(徐州东方黎明大厦充电站),teld,117.19524,34.265102,5,0,东方黎明大厦停车场(民主北路地铁站3号口步行100米),鼓楼区,1,teld
特来电目的地充电站(特来电徐州祥颐园充电站),teld,117.451947,34.433412,6,0,老矿街道祥颐园,贾汪区,1,teld
特来电目的地充电站(特来电贾汪泉城花都D区充电站),teld,117.478325,34.445816,3,2,大泉街道泉城花都D区,贾汪区,1,teld
特来电目的地充电站(特来电贾汪泉城花都A区充电站),teld,117.475845,34.443638,6,1,大泉街道泉城花都A区22号楼楼前停车位,贾汪区,1,teld
特来电目的地充电站(特来电徐州泉城花都E区充电站),teld,117.48434,34.4469,4,3,大泉街道泉城花都E区20号楼,贾汪区,1,teld
特来电目的地充电站(特来电徐州南湖月亮湾五区充电站),teld,117.43714,34.41321,4,3,老矿街道南湖月亮湾五区,贾汪区,1,teld
特来电目的地充电站(特来电徐州南湖月亮湾三区充电站),teld,117.43766,34.41559,3,3,南湖月亮湾-三区停车场,贾汪区,1,teld
特来电目的地充电站(特来电徐州泉城花都C区充电站),teld,117.48481,34.444427,2,4,大泉街道泉城花都C区,贾汪区,1,teld
特来电目的地充电站(特来电徐州电苑小区充电站),teld,117.44418,34.42918,6,2,老矿街道电苑小区(将军大街),贾汪区,1,teld
星星充电汽车充电站(星星充电-刘集镇星星充电站),star_charge,117.05018,34.35536,4,4,刘集镇茅黄线江苏宏科电力工程有限公司,铜山区,1,star_charge
星星充电汽车充电站(徐州国信商业广场),star_charge,117.283141,34.193775,2,2,大龙湖街道钱塘路7号国信商业广场地面停车场,云龙区,1,star_charge
星星充电汽车充电站(荣俊汽车销售服务公司2号),star_charge,117.206872,34.2954,4,1,环城街道奔腾大道鼓楼数字产业园,鼓楼区,1,star_charge
星星充电汽车充电站(星星充电-徐州彭城广场富国街充电站),star_charge,117.177574,34.271275,6,1,光明东路与小北门路交叉口西北140米,泉山区,1,star_charge
星星充电汽车充电站(星星充电-徐州雨润新城超级充电站),star_charge,117.11224,34.26752,3,0,星雨路a4-s7号,泉山区,1,star_charge
星星充电汽车充电站(星星充电-徐州矿大科技园超级充电站),star_charge,117.198731,34.223753,3,3,金山东路矿大科技园科技大厦停车场,泉山区,1,star_charge
星星充电汽车充电站(星星充电-徐州新世纪最家空间充电站),star_charge,117.223495,34.227203,2,4,七里沟街道金山东路新世纪建材装饰城,泉山区,1,star_charge
星星充电汽车充电站(徐州高铁时代广场),star_charge,117.275719,34.267867,4,1,金龙湖街道城东快速路辅路高铁时代广场地下停车场049,贾汪区,1,star_charge
星星充电汽车充电站(星星充电-徐州淮西希尔顿欢朋酒店充电站),star_charge,117.163944,34.262339,5,2,永安街道淮海西路241号煤研大厦,泉山区,1,star_charge
星星充电汽车充电站(泰山路临湖雨季充电站),star_charge,117.171886,34.221936,3,1,泰山路86号正泓广场地面停车场,泉山区,1,star_charge
星星充电汽车充电站(星星充电-徐州润金城充电站),star_charge,117.254173,34.2462,4,1,纬二路润金城2期西北侧地面停车场19(兴业银行旁),云龙区,1,star_charge
星星充电汽车充电站(徐州苏恒电力充电站),star_charge,117.179177,34.168512,4,0,浦江路万泰广场西北侧约260米地面停车场,铜山区,1,star_charge
星星充电汽车充电站(星雨路直流充电桩快充),star_charge,117.112071,34.262175,8,2,火花街道星雨路,泉山区,1,star_charge
星星充电汽车充电站(金龙湖广场充电站),star_charge,117.274869,34.25891,6,1,金龙湖街道龙湖南路金龙湖广场,贾汪区,1,star_charge
星星充电汽车充电站(星星充电-徐州和平路希尔顿花园酒店充电站),star_charge,117.256985,34.25364,4,1,和平大道香溪左岸D2栋地下停车场101,云龙区,1,star_charge
星星充电汽车充电站(徐州湖西雅苑B区充电站),star_charge,117.139362,34.258811,6,0,湖滨街道五味福炒鸡店幸福家园,泉山区,1,star_charge
星星充电汽车充电站(鼓楼区风格雅园),star_charge,117.211863,34.297192,3,0,复兴北路201号风格雅园,鼓楼区,1,star_charge
星星充电汽车充电站(新黄河建材装饰城充电站),star_charge,117.114802,34.276209,3,1,新黄河建材装饰城停车场,泉山区,1,star_charge
星星充电汽车充电站(星星充电-钧泽充电站),star_charge,117.339327,34.15529,3,4,104国道张集镇轻工业园区坦克路1号,铜山区,1,star_charge
星星充电汽车充电站(徐州盛世滨江充电站),star_charge,117.238129,34.215472,2,1,汉风街道经七路盛世·孔雀城,云龙区,1,star_charge
汽车充电站(星星充电潘安湖恒盛智谷站),star_charge,117.36893,34.341145,5,4,大吴街道恒盛智谷科技园地面停车场,贾汪区,1,star_charge
星星充电汽车充电站(徐州星奥汽车有限公司),star_charge,117.286924,34.271744,3,2,徐州市经济技术开发区徐海路26号地面停车场,贾汪区,1,star_charge
星星充电汽车充电站(星星充电-彭城高速入口南充电站),star_charge,117.091705,34.376278,2,1,柳新镇轮胎电气焊补,铜山区,1,star_charge
星星充电汽车充电站(柳新镇市民广场充电站),star_charge,117.1356,34.36462,2,3,柳新镇润新路市民广场,铜山区,1,star_charge
星星充电汽车充电站(徐州港利上城国际充电站),star_charge,117.170297,34.324016,6,4,拾屯街道三环北路港利·上城国际商业停车场东南角,鼓楼区,1,star_charge
星星充电汽车充电站(华润电力徐州万科淮海新天地充电站),star_charge,117.153581,34.262898,5,2,万科淮海新天地一街区地下停车场,泉山区,1,star_charge
星星充电汽车充电站(西苑民馨园迅飞便民充电站),star_charge,117.14332,34.278313,3,1,铜沛街道铜沛路民馨园西区,鼓楼区,1,star_charge
星星充电汽车充电站(星星充电-大学路怡和广场充电站),star_charge,117.128201,34.186834,4,1,铜山街道大学路299号怡和广场地下停车场E区,铜山区,1,star_charge
星星充电汽车充电站(星星充电-大许镇府前路充电站),star_charge,117.558247,34.294129,5,3,大许镇311国道同心文化广场内(西侧),铜山区,1,star_charge
星星充电汽车充电站(-徐州园博园涵田温泉酒店),star_charge,117.475622,34.162336,5,1,伊庄镇园博园涵田温泉酒店地面停车场,铜山区,1,star_charge
星星充电汽车充电站(星星充电-秦梁洪佳苑小区快充站),star_charge,117.2366,34.32551,10,3,徐州市经济开发区东环街道秦梁洪佳苑12号楼西侧停车场,鼓楼区,1,star_charge
星星充电汽车充电站(华润电力徐州睿商龙湖产业园充电站),star_charge,117.183851,34.290476,5,1,中山北路255号睿商龙湖现代商务产业园睿商龙湖现代商务产业园地面停车场,鼓楼区,1,star_charge
星星充电汽车充电站(徐州市鼓楼区领克4S店),star_charge,117.233151,34.278253,2,4,东三环快速路与东三环快速路出口交叉口东南220米地面停车场,鼓楼区,1,star_charge
星星充电汽车充电站(江苏佳航建设工程有限公司充电站),star_charge,117.18961,34.17615,3,4,牛山路20号院,铜山区,1,star_charge
星星充电汽车充电站(大庄充电站),star_charge,117.229738,34.37962,3,2,茅村镇塘茅线,铜山区,1,star_charge
星星充电汽车充电站,star_charge,117.1953,34.226414,4,2,金山东路矿大科技园科技大厦地面停车场038,泉山区,1,star_charge
星星充电汽车充电站(二九社区充电站),star_charge,117.21857,34.288387,6,1,丰财街道二十九宿舍门前路二九社区卫生服务站,鼓楼区,1,star_charge
星星充电汽车充电站(彭城膜艺充电站),star_charge,117.21023,34.295685,6,0,复兴北路199号,鼓楼区,1,star_charge
星星充电公交商贸大厦汽车充电站,star_charge,117.15891,34.261003,4,3,淮海西路255号公交商贸大厦内部地下停车场,泉山区,1,star_charge
星星充电汽车充电站(D区监控室西侧充电站),star_charge,117.16304,34.148098,2,1,新区街道徐州高新区环保科技产业园中国安全谷,铜山区,1,star_charge
星星充电汽车充电站(内部专用星星充电-徐州报业传媒集团充电站),star_charge,117.281685,34.19754,5,4,大龙湖街道徐州报业传媒集团,云龙区,1,star_charge
星星充电汽车充电站(滨湖美迅商业广场汉庭复兴北路酒店站),star_charge,117.21054,34.292892,3,2,汉庭酒店徐州复兴北路店地面停车点,鼓楼区,1,star_charge
星星充电汽车充电站(万纬徐州陆港冷链园区充电站),star_charge,117.162583,34.279839,6,0,苏山街道二环北路西延线,鼓楼区,1,star_charge
星星充电汽车充电站(铜山区柳新大酒店充电站),star_charge,117.117543,34.364401,6,4,柳新镇柳新大酒店东墙外侧,铜山区,1,star_charge
星星充电汽车充电站(鑫都商业中心充电桩),star_charge,117.334248,34.5449,2,0,鑫都商业中心停车场,铜山区,1,star_charge
星星充电汽车充电站(铜山区福润苑小区),star_charge,117.18437,34.20538,4,2,铜山街道煤建校北巷3号福润苑小区南门停车场,铜山区,1,star_charge
星星充电汽车充电站(32C20-广汽丰田徐州浩邦铜山店),star_charge,117.178205,34.149777,6,3,北京南路335号,铜山区,1,star_charge
星星充电汽车充电站(楚韵超充站),star_charge,117.33804,34.243214,3,2,彭祖大道绿地高铁东城,贾汪区,1,star_charge
星星充电汽车充电站(铜山区景灵电驿新能源充电站),star_charge,117.61671,34.29966,3,1,大许镇311国道,铜山区,1,star_charge
星星充电汽车充电站(汉庭徐州云龙湖工农路地铁站酒店充电站),star_charge,117.150133,34.258497,3,0,淮海西路友谊大厦(工农南路),泉山区,1,star_charge
星星充电汽车充电站(苏通快电-金龙湖街道凤凰佳园充电站),star_charge,117.31085,34.256687,10,0,徐州经济技术开发区金龙湖街道凤凰佳园南区小区内,贾汪区,1,star_charge
星星充电汽车充电站(三江星星超充站),star_charge,117.34611,34.35783,6,1,潘安湖街道潘安湖苏北石化三江加油站,贾汪区,1,star_charge
星星充电汽车充电站(魏集供电所充电站),star_charge,117.386475,34.232258,5,0,张集镇307县道徐州市天亿金属熔剂厂,铜山区,1,star_charge
星星充电汽车充电站(徐州格林豪泰酒店红星美凯龙店),star_charge,117.210594,34.295358,4,2,格林豪泰酒店红星美凯龙店复兴北路199号地面停车场7,鼓楼区,1,star_charge
星星充电汽车充电站(星星充电-徐州润金城交流充电站),star_charge,117.252868,34.246234,3,0,大郭庄街道汉景大道润金城全季酒店,云龙区,1,star_charge
星星充电汽车充电站(星星充电-欣欣路二手车市场充电站),star_charge,117.232657,34.204518,6,2,大龙湖街道欣欣路科目四考点地面停车场3,云龙区,1,star_charge
星星充电汽车充电站(格林豪泰徐州高铁站前广场商务酒店),star_charge,117.284692,34.274292,3,2,振兴大道与福润路交叉口东南40米,贾汪区,1,star_charge
星星充电汽车充电站(星星充电-徐州淮海国际港务区超级充电站),star_charge,117.113139,34.323588,2,4,庞庄街道时代大道鱼先生的社区2期北门西侧100米地面停车场,泉山区,1,star_charge
星星充电汽车充电站(星星充电观山府充电站),star_charge,117.1434,34.15698,4,2,铜山街道隐山观湖观山府C1区,铜山区,1,star_charge
星星充电汽车充电站(徐州保利中心充电站),star_charge,117.257385,34.266132,2,2,经七路1-102号徐州盛世滨江(孔雀城商办)停车场,云龙区,1,star_charge
星星充电汽车充电站(张集镇文化广场充电站),star_charge,117.38192,34.136116,5,0,张集镇104国道,铜山区,1,star_charge
星星充电汽车充电站(徐州鑫亚国际酒店),star_charge,117.271454,34.309778,2,3,长安大道徐州鑫亚国际酒店(原鑫皇国际酒店),鼓楼区,1,star_charge
星星充电汽车充电站(徐州宇新汽车服务充电站),star_charge,117.196594,34.22092,2,3,泰山街道南都国际1号1楼1层南门面宇新汽车服务,泉山区,1,star_charge
星星充电汽车充电站(鼓楼花园小区便民充电站),star_charge,117.193038,34.29913,2,4,牌楼街道中山北路340-8号鼓楼花园,鼓楼区,1,star_charge
星星充电汽车充电站(美润园直流充电站),star_charge,117.105149,34.26298,8,2,纵五路与美润路交叉口南120米,泉山区,1,star_charge
星星充电汽车充电站(星星充电-徐州加州玫瑰园小区充电站),star_charge,117.136428,34.182394,5,1,铜山街道加州玫瑰园50幢,铜山区,1,star_charge
星星充电汽车充电站(星星充电-徐州枫林天下超级充电站),star_charge,117.136591,34.186261,2,2,铜山街道枫林天下东南门,铜山区,1,star_charge
星星充电汽车充电站(星星充电-李庄新村交流慢充充电站),star_charge,117.113785,34.363235,6,1,柳新镇李庄新村,铜山区,1,star_charge
星星充电汽车充电站(星星充电绿城诚园充电站人防车位093-102),star_charge,117.171783,34.279885,5,4,铜沛街道二环北路174号绿城诚园,鼓楼区,1,star_charge
星星充电汽车充电站(华润电力徐州高新区生物医药产业园充电站),star_charge,117.183213,34.156143,6,1,新区街道滕寨北路徐州高新区生物医药产业园,铜山区,1,star_charge
星星充电汽车充电站(汉庭徐州工程学院酒店),star_charge,117.29795,34.18921,3,4,清风路20号星尚广场3号楼,云龙区,1,star_charge
星星充电汽车充电站(星星充电-大许镇太山二八河超市充电站),star_charge,117.63428,34.299187,2,1,大许镇311国道,铜山区,1,star_charge
星星充电汽车充电站(星星充电-徐州市退役军人服务中心充电站原规划局),star_charge,117.278436,34.201581,3,0,大龙湖街道徐州市退役军人服务中心,云龙区,1,star_charge
星星充电汽车充电站(马坡镇便民服务中心充电站),star_charge,117.07871,34.512547,3,1,兴马路157号,铜山区,1,star_charge
星星充电汽车充电站(星星充电悦山府高层站),star_charge,117.1697,34.181164,2,1,悦山府A1高层人防区域,铜山区,1,star_charge
星星充电汽车充电站(张集矿充电站),star_charge,117.026831,34.360382,4,4,刘集镇405镇道,铜山区,1,star_charge
星星充电汽车充电站(美润园小区充电站),star_charge,117.105049,34.26192,3,1,火花街道火花路美润园,泉山区,1,star_charge
星星充电汽车充电站(星星充电-科丰新能源柳洼充电站),star_charge,117.03182,34.35874,6,2,刘集镇茅黄线鸿达彩钢夹芯板厂,铜山区,1,star_charge
星星充电汽车充电站(铜山区张集镇博恒高级充电站),star_charge,117.38503,34.134937,2,2,张集镇方特石油加油站,铜山区,1,star_charge
星星充电汽车充电站(桔子水晶酒店徐州矿大科技园充电站),star_charge,117.196551,34.22258,4,2,徐州三胞广场矿业大学文昌校区桔子水晶酒店地面停车点,泉山区,1,star_charge
星星充电汽车充电站(徐州长兴机动车检测中心充电站支持半挂大货车充电),star_charge,117.239381,34.31212,5,3,三环东路30-1号长兴机动车检测中心入口南侧停车位,鼓楼区,1,star_charge
星星充电汽车充电站(徐州鸿蒙智行用户服务中心欣欣路超充站),star_charge,117.226753,34.20382,6,1,翟山街道欣欣路鸿蒙智行用户中心,泉山区,1,star_charge
星星充电汽车充电站(徐州赛普高端路桥机械制造有限公司)(暂停营业),star_charge,117.192769,34.171215,3,2,华夏路与广储路交叉口北160米,铜山区,1,star_charge
蔚来换电站,nio_swap,117.141125,34.205206,4,2,大学路219号,铜山区,1,nio_swap
蔚来换电站(鼓楼区居然之家),nio_swap,117.218341,34.30759,4,1,煤港路202号,鼓楼区,1,nio_swap
蔚来换电站(徐州贾汪区星光路停车场),nio_swap,117.440776,34.429729,3,2,星光路72号,贾汪区,1,nio_swap
汽车换电站(淮安方向古黄河服务区蔚来换电站),nio_swap,117.418414,34.125191,3,3,G2513淮徐高速,铜山区,1,nio_swap
蔚来换电站G30连霍高速邵楼服务区霍尔果斯方向,nio_swap,117.51458,34.219032,4,1,邵楼服务区北区,铜山区,1,nio_swap
汽车换电站(蔚来G30连霍高速邵楼服务区连云港方向),nio_swap,117.515721,34.215879,6,2,G30连霍高速,铜山区,1,nio_swap
蔚来换电站G3京台高速刘集服务区台北方向,nio_swap,117.046223,34.328633,2,3,刘丁线与407镇道交叉口北400米,铜山区,1,nio_swap
蔚来换电站G3京台高速刘集服务区北京方向,nio_swap,117.04974,34.327168,4,4,G3京台高速404乡道,铜山区,1,nio_swap
徐州方向G2513淮徐高速古黄河服务区蔚来换电站,nio_swap,117.419424,34.128011,2,3,G2513淮徐高速,铜山区,1,nio_swap
